<?xml version="1.0" encoding="UTF-8"?>
<FacturaElectronica xmlns="https://cdn.comprobanteselectronicos.go.cr/xml-schemas/v4.3/facturaElectronica">
    <Clave>50625101800310653210100100001010000000001119506811</Clave>
    <CodigoActividad>620200</CodigoActividad>    
    <NumeroConsecutivo>00100001010000000001</NumeroConsecutivo>
    <FechaEmision>2025-10-02T14:30:00-06:00</FechaEmision>
    <Emisor>
        <Nombre>Soluciones Induso S.A.</Nombre>
        <Identificacion>
            <Tipo>01</Tipo>
            <Numero>603960916</Numero>
        </Identificacion>
        <NombreComercial>Induso Tech</NombreComercial>
        <Ubicacion>
            <Provincia>1</Provincia>
            <Canton>01</Canton>
            <Distrito>01</Distrito>
            <OtrasSenas>600 metros oeste entrada a La Manchuria, San José</OtrasSenas>
        </Ubicacion>
        <CorreoElectronico>josiasmc@emypeople.net</CorreoElectronico>
    </Emisor>
    <Receptor>
        <Nombre>Empresa Receptora Ejemplo S.A.</Nombre>
        <Identificacion>
            <Tipo>02</Tipo>
            <Numero>3101234567</Numero>
        </Identificacion>
        <Ubicacion>
            <Provincia>1</Provincia>
            <Canton>02</Canton>
            <Distrito>01</Distrito>
            <OtrasSenas>Frente al parque central de Escazú</OtrasSenas>
        </Ubicacion>
        <CorreoElectronico>facturacion@empresa.com</CorreoElectronico>
    </Receptor>
    <CondicionVenta>01</CondicionVenta>
    <PlazoCredito>0</PlazoCredito>
    <MedioPago>01</MedioPago>
    <DetalleServicio>
        <LineaDetalle>
            <NumeroLinea>1</NumeroLinea>
            <CodigoCABYS>8112001000000</CodigoCABYS>
            <Cantidad>5</Cantidad>
            <UnidadMedida>h</UnidadMedida>
            <Detalle>Consultoría en desarrollo de software legal</Detalle>
            <PrecioUnitario>50000.00</PrecioUnitario>
            <MontoTotal>250000.00</MontoTotal>
            <SubTotal>250000.00</SubTotal>
            <BaseImponible>250000.00</BaseImponible>
            <Impuesto>
                <Codigo>01</Codigo>
                <CodigoTarifaIVA>08</CodigoTarifaIVA>
                <Tarifa>13.00</Tarifa>
                <Monto>32500.00</Monto>
            </Impuesto>
            <ImpuestoNeto>32500.00</ImpuestoNeto>
            <MontoTotalLinea>282500.00</MontoTotalLinea>
        </LineaDetalle>
    </DetalleServicio>
    <ResumenFactura>
        <CodigoTipoMoneda>
            <CodigoMoneda>CRC</CodigoMoneda>
            <TipoCambio>1.00000</TipoCambio>
        </CodigoTipoMoneda>
        <TotalServGravados>250000.00</TotalServGravados>
        <TotalServExentos>0.00</TotalServExentos>
        <TotalServExonerado>0.00</TotalServExonerado>
        <TotalMercanciasGravadas>0.00</TotalMercanciasGravadas>
        <TotalMercanciasExentas>0.00</TotalMercanciasExentas>
        <TotalMercExonerada>0.00</TotalMercExonerada>
        <TotalGravado>250000.00</TotalGravado>
        <TotalExento>0.00</TotalExento>
        <TotalExonerado>0.00</TotalExonerado>
        <TotalVenta>250000.00</TotalVenta>
        <TotalDescuentos>0.00</TotalDescuentos>
        <TotalVentaNeta>250000.00</TotalVentaNeta>
        <TotalImpuesto>32500.00</TotalImpuesto>
        <TotalComprobante>282500.00</TotalComprobante>
        <MedioPago>
            <TipoMedioPago>01</TipoMedioPago>
            <TotalMedioPago>282500.00</TotalMedioPago>
        </MedioPago>
    </ResumenFactura>
</FacturaElectronica>