<?xml version="1.0" encoding="UTF-8"?>
<FacturaElectronica xmlns="https://cdn.comprobanteselectronicos.go.cr/xml-schemas/v4.3/facturaElectronica" 
                   xmlns:ds="http://www.w3.org/2000/09/xmldsig#" 
                   xmlns:xsd="http://www.w3.org/2001/XMLSchema" 
                   xmlns:xsi="http://www.w3.org/2001/XMLSchema-instance">
    <Clave>50630092500310293428500100001010000000001116948442</Clave>
    <CodigoActividad>123456</CodigoActividad>
    <NumeroConsecutivo>00100001010000000001</NumeroConsecutivo>
    <FechaEmision>2024-07-30T10:30:00-06:00</FechaEmision>
    <Emisor>
        <Nombre>Soluciones Induso</Nombre>
        <Identificacion>
            <Tipo>01</Tipo>
            <Numero>603960916</Numero>
        </Identificacion>
        <NombreComercial>Soluciones Induso</NombreComercial>
        <Ubicacion>
            <Provincia>1</Provincia>
            <Canton>01</Canton>
            <Distrito>01</Distrito>
            <OtrasSenas>600 metros oeste entrada a La Manchuria</OtrasSenas>
        </Ubicacion>
        <CorreoElectronico>josiasmc@emypeople.net</CorreoElectronico>
    </Emisor>
    <Receptor>
        <Nombre>Empresa Receptora S.A.</Nombre>
        <Identificacion>
            <Tipo>02</Tipo>
            <Numero>3101234567</Numero>
        </Identificacion>
        <Ubicacion>
            <Provincia>1</Provincia>
            <Canton>02</Canton>
            <Distrito>01</Distrito>
            <OtrasSenas>Frente al parque central</OtrasSenas>
        </Ubicacion>
        <CorreoElectronico>facturacion@empresa.com</CorreoElectronico>
    </Receptor>
    <CondicionVenta>01</CondicionVenta>
    <PlazoCredito>0</PlazoCredito>
    <MedioPago>01</MedioPago>
    <DetalleServicio>
        <LineaDetalle>
            <NumeroLinea>1</NumeroLinea>
            <CodigoCABYS>1010101010000</CodigoCABYS>
            <Cantidad>1</Cantidad>
            <UnidadMedida>Sp</UnidadMedida>
            <Detalle>Servicios profesionales de consultoría</Detalle>
            <PrecioUnitario>100000.00</PrecioUnitario>
            <MontoTotal>100000.00</MontoTotal>
            <SubTotal>100000.00</SubTotal>
            <BaseImponible>100000.00</BaseImponible>
            <Impuesto>
                <Codigo>01</Codigo>
                <CodigoTarifaIVA>08</CodigoTarifaIVA>
                <Tarifa>13.00</Tarifa>
                <Monto>13000.00</Monto>
            </Impuesto>
            <ImpuestoNeto>13000.00</ImpuestoNeto>
            <MontoTotalLinea>113000.00</MontoTotalLinea>
        </LineaDetalle>
    </DetalleServicio>
    <ResumenFactura>
        <CodigoTipoMoneda>
            <CodigoMoneda>CRC</CodigoMoneda>
            <TipoCambio>1.00000</TipoCambio>
        </CodigoTipoMoneda>
        <TotalServGravados>100000.00</TotalServGravados>
        <TotalServExentos>0.00</TotalServExentos>
        <TotalServExonerado>0.00</TotalServExonerado>
        <TotalMercanciasGravadas>0.00</TotalMercanciasGravadas>
        <TotalMercanciasExentas>0.00</TotalMercanciasExentas>
        <TotalMercExonerada>0.00</TotalMercExonerada>
        <TotalGravado>100000.00</TotalGravado>
        <TotalExento>0.00</TotalExento>
        <TotalExonerado>0.00</TotalExonerado>
        <TotalVenta>100000.00</TotalVenta>
        <TotalDescuentos>0.00</TotalDescuentos>
        <TotalVentaNeta>100000.00</TotalVentaNeta>
        <TotalImpuesto>13000.00</TotalImpuesto>
        <TotalComprobante>113000.00</TotalComprobante>
        <MedioPago>
            <TipoMedioPago>01</TipoMedioPago>
            <TotalMedioPago>113000.00</TotalMedioPago>
        </MedioPago>
    </ResumenFactura>
</FacturaElectronica>