<?xml version="1.0" encoding="UTF-8"?>
<FacturaElectronica xmlns="https://cdn.comprobanteselectronicos.go.cr/xml-schemas/v4.3/facturaElectronica">
    <Clave>50614012022000000000000000000000000000001011500001</Clave>
    <CodigoActividad>123456</CodigoActividad>
    <NumeroConsecutivo>00100001011500001</NumeroConsecutivo>
    <FechaEmision>2023-12-01T10:30:00-06:00</FechaEmision>
    <Emisor>
        <Nombre>Empresa Proveedora S.A.</Nombre>
        <Identificacion>
            <Tipo>02</Tipo>
            <Numero>3101234567</Numero>
        </Identificacion>
        <NombreComercial>Empresa Proveedora</NombreComercial>
        <Ubicacion>
            <Provincia>1</Provincia>
            <Canton>01</Canton>
            <Distrito>01</Distrito>
            <OtrasSenas>Centro de San José, 100m norte del Teatro Nacional</OtrasSenas>
        </Ubicacion>
        <Telefono>
            <CodigoPais>506</CodigoPais>
            <NumTelefono>22334455</NumTelefono>
        </Telefono>
        <CorreoElectronico>facturacion@empresaproveedora.com</CorreoElectronico>
    </Emisor>
    <Receptor>
        <Nombre>Cliente Receptor S.A.</Nombre>
        <Identificacion>
            <Tipo>02</Tipo>
            <Numero>3109876543</Numero>
        </Identificacion>
        <NombreComercial>Cliente Receptor</NombreComercial>
        <Ubicacion>
            <Provincia>1</Provincia>
            <Canton>02</Canton>
            <Distrito>01</Distrito>
            <OtrasSenas>Escazú, 200m sur del centro comercial</OtrasSenas>
        </Ubicacion>
        <Telefono>
            <CodigoPais>506</CodigoPais>
            <NumTelefono>22998877</NumTelefono>
        </Telefono>
        <CorreoElectronico>compras@clientereceptor.com</CorreoElectronico>
    </Receptor>
    <CondicionVenta>01</CondicionVenta>
    <PlazoCredito>0</PlazoCredito>
    <MedioPago>01</MedioPago>
    <DetalleServicio>
        <LineaDetalle>
            <NumeroLinea>1</NumeroLinea>
            <Codigo>
                <Tipo>04</Tipo>
                <Codigo>SERV001</Codigo>
            </Codigo>
            <Cantidad>1</Cantidad>
            <UnidadMedida>Sp</UnidadMedida>
            <Detalle>Servicio de consultoría legal</Detalle>
            <PrecioUnitario>100000.00</PrecioUnitario>
            <MontoTotal>100000.00</MontoTotal>
            <SubTotal>100000.00</SubTotal>
            <Impuesto>
                <Codigo>01</Codigo>
                <CodigoTarifa>08</CodigoTarifa>
                <Tarifa>13.00</Tarifa>
                <Monto>13000.00</Monto>
            </Impuesto>
            <MontoTotalLinea>113000.00</MontoTotalLinea>
        </LineaDetalle>
    </DetalleServicio>
    <ResumenFactura>
        <CodigoTipoMoneda>
            <CodigoMoneda>CRC</CodigoMoneda>
            <TipoCambio>1.00000</TipoCambio>
        </CodigoTipoMoneda>
        <TotalServGravados>100000.00</TotalServGravados>
        <TotalServExentos>0.00</TotalServExentos>
        <TotalServExonerado>0.00</TotalServExonerado>
        <TotalMercanciasGravadas>0.00</TotalMercanciasGravadas>
        <TotalMercanciasExentas>0.00</TotalMercanciasExentas>
        <TotalMercExonerada>0.00</TotalMercExonerada>
        <TotalGravado>100000.00</TotalGravado>
        <TotalExento>0.00</TotalExento>
        <TotalExonerado>0.00</TotalExonerado>
        <TotalVenta>100000.00</TotalVenta>
        <TotalDescuentos>0.00</TotalDescuentos>
        <TotalVentaNeta>100000.00</TotalVentaNeta>
        <TotalImpuesto>13000.00</TotalImpuesto>
        <TotalComprobante>113000.00</TotalComprobante>
    </ResumenFactura>
    <Normativa>
        <NumeroResolucion>DGT-R-48-2016</NumeroResolucion>
        <FechaResolucion>07-10-2016 08:00:00</FechaResolucion>
    </Normativa>
</FacturaElectronica>