<?xml version="1.0" encoding="UTF-8"?>
<FacturaElectronica xmlns="https://cdn.comprobanteselectronicos.go.cr/xml-schemas/v4.3/facturaElectronica" xmlns:ds="http://www.w3.org/2000/09/xmldsig#" xmlns:xsd="http://www.w3.org/2001/XMLSchema" xmlns:xsi="http://www.w3.org/2001/XMLSchema-instance">
    <Clave>50625101800310653210100100001010000000001119506811</Clave>
    <CodigoActividad>620200</CodigoActividad>    
    <NumeroConsecutivo>00100001010000000001</NumeroConsecutivo>
    <FechaEmision>2025-10-02T14:30:00-06:00</FechaEmision>
    <Emisor>
        <Nombre>Tecnologías Avanzadas OSIANN S.R.L.</Nombre>
        <Identificacion>
            <Tipo>02</Tipo>
            <Numero>3101065321</Numero>
        </Identificacion>
        <NombreComercial>OSIANN Tech</NombreComercial>
        <Ubicacion>
            <Provincia>1</Provincia>
            <Canton>01</Canton>
            <Distrito>01</Distrito>
            <Barrio>01</Barrio>
            <OtrasSenas>Edificio Centro Colon, Torre 2, Piso 8, Oficina 801, Paseo Colon</OtrasSenas>
        </Ubicacion>
        <Telefono>
            <CodigoPais>506</CodigoPais>
            <NumTelefono>22560000</NumTelefono>
        </Telefono>
        <CorreoElectronico>facturacion@osiann.com</CorreoElectronico>
    </Emisor>
    <Receptor>
        <Nombre>Bufete Legal Asociados Ltda</Nombre>
        <Identificacion>
            <Tipo>02</Tipo>
            <Numero>3101234567</Numero>
        </Identificacion>
        <NombreComercial>Legal Partners</NombreComercial>
        <Ubicacion>
            <Provincia>1</Provincia>
            <Canton>02</Canton>
            <Distrito>01</Distrito>
            <Barrio>03</Barrio>
            <OtrasSenas>Torre Mercedes, Piso 15, Oficina 1501, Escazú</OtrasSenas>
        </Ubicacion>
        <Telefono>
            <CodigoPais>506</CodigoPais>
            <NumTelefono>22501234</NumTelefono>
        </Telefono>
        <CorreoElectronico>admin@legalpartners.cr</CorreoElectronico>
    </Receptor>
    <CondicionVenta>02</CondicionVenta>
    <PlazoCredito>30</PlazoCredito>
    <MedioPago>04</MedioPago>
    <DetalleServicio>
        <LineaDetalle>
            <NumeroLinea>1</NumeroLinea>
            <PartidaArancelaria>85234310</PartidaArancelaria>
            <CodigoCABYS>4620101000000</CodigoCABYS>
            <Codigo>LIC-ADMIN-2025</Codigo>
            <Cantidad>1</Cantidad>
            <UnidadMedida>Sp</UnidadMedida>
            <Detalle>Licencia Software Administrativo Legal v2025 - Mensualidad</Detalle>
            <PrecioUnitario>450000.00</PrecioUnitario>
            <MontoTotal>450000.00</MontoTotal>
            <Descuento>
                <MontoDescuento>45000.00</MontoDescuento>
                <NaturalezaDescuento>Descuento comercial por renovación</NaturalezaDescuento>
            </Descuento>
            <SubTotal>405000.00</SubTotal>
            <BaseImponible>405000.00</BaseImponible>
            <Impuesto>
                <Codigo>01</Codigo>
                <CodigoTarifaIVA>08</CodigoTarifaIVA>
                <Tarifa>13.00</Tarifa>
                <Monto>52650.00</Monto>
                <Exoneracion>
                    <TipoDocumento>99</TipoDocumento>
                    <NumeroDocumento>EX-2025-001</NumeroDocumento>
                    <NombreInstitucion>Ministerio de Hacienda</NombreInstitucion>
                    <FechaEmision>2025-01-01T00:00:00-06:00</FechaEmision>
                    <PorcentajeExoneracion>0</PorcentajeExoneracion>
                    <MontoExoneracion>0.00</MontoExoneracion>
                </Exoneracion>
            </Impuesto>
            <ImpuestoNeto>52650.00</ImpuestoNeto>
            <MontoTotalLinea>457650.00</MontoTotalLinea>
        </LineaDetalle>
        <LineaDetalle>
            <NumeroLinea>2</NumeroLinea>
            <CodigoCABYS>8112001000000</CodigoCABYS>
            <Codigo>SOPORTE-TECH</Codigo>
            <Cantidad>10</Cantidad>
            <UnidadMedida>h</UnidadMedida>
            <Detalle>Soporte técnico especializado - Horas de consultoría</Detalle>
            <PrecioUnitario>25000.00</PrecioUnitario>
            <MontoTotal>250000.00</MontoTotal>
            <SubTotal>250000.00</SubTotal>
            <BaseImponible>250000.00</BaseImponible>
            <Impuesto>
                <Codigo>01</Codigo>
                <CodigoTarifaIVA>08</CodigoTarifaIVA>
                <Tarifa>13.00</Tarifa>
                <Monto>32500.00</Monto>
            </Impuesto>
            <ImpuestoNeto>32500.00</ImpuestoNeto>
            <MontoTotalLinea>282500.00</MontoTotalLinea>
        </LineaDetalle>
    </DetalleServicio>
    <OtrosCargos>
        <TipoDocumento>04</TipoDocumento>
        <NumeroIdentidadTercero>3101888999</NumeroIdentidadTercero>
        <NombreTercero>Servicios de Entrega Express</NombreTercero>
        <Detalle>Cargo por entrega especializada de documentación</Detalle>
        <Porcentaje>3.50</Porcentaje>
        <MontoCargo>15000.00</MontoCargo>
    </OtrosCargos>
    <ResumenFactura>
        <CodigoTipoMoneda>
            <CodigoMoneda>CRC</CodigoMoneda>
            <TipoCambio>1.00000</TipoCambio>
        </CodigoTipoMoneda>
        <TotalServGravados>655000.00</TotalServGravados>
        <TotalServExentos>0.00</TotalServExentos>
        <TotalServExonerado>0.00</TotalServExonerado>
        <TotalMercanciasGravadas>0.00</TotalMercanciasGravadas>
        <TotalMercanciasExentas>0.00</TotalMercanciasExentas>
        <TotalMercExonerada>0.00</TotalMercExonerada>
        <TotalGravado>655000.00</TotalGravado>
        <TotalExento>0.00</TotalExento>
        <TotalExonerado>0.00</TotalExonerado>
        <TotalVenta>700000.00</TotalVenta>
        <TotalDescuentos>45000.00</TotalDescuentos>
        <TotalVentaNeta>655000.00</TotalVentaNeta>
        <TotalImpuesto>85150.00</TotalImpuesto>
        <TotalIVADevuelto>0.00</TotalIVADevuelto>
        <TotalOtrosCargos>15000.00</TotalOtrosCargos>
        <TotalComprobante>755150.00</TotalComprobante>
        <MedioPago>
            <TipoMedioPago>04</TipoMedioPago>
            <TotalMedioPago>755150.00</TotalMedioPago>
        </MedioPago>
    </ResumenFactura>
    <InformacionReferencia>
        <TipoDoc>01</TipoDoc>
        <Numero>FE-2025-000123</Numero>
        <FechaEmision>2025-09-15T00:00:00-06:00</FechaEmision>
        <Codigo>01</Codigo>
        <Razon>Renovación de servicios administrativos</Razon>
    </InformacionReferencia>
    <Normativa>
        <NumeroResolucion>DGT-R-48-2016</NumeroResolucion>
        <FechaResolucion>2016-07-06T00:00:00-06:00</FechaResolucion>
    </Normativa>
    <Otros>
        <OtroTexto>Esta factura incluye servicios de software especializado para gestión legal administrativa. Soporte 24/7 disponible. Términos y condiciones aplican según contrato de servicios.</OtroTexto>
    </Otros>
</FacturaElectronica>